Bil,Kod Projek & Nama Projek,Kod Pemaju & Nama Pemaju,No. Permit,No PT/Lot/Plot,No Unit,Harga Jualan (RM),Harga SPJB (RM),Status Jualan,Kuota Bumi,Scraped_Date,Scraped_Timestamp
1,30883-1 VILA BACHANG,30883 SEKITAR SINARMAS SDN. BHD.,30883-1/11-2027/1090(A)-(S),-,L131,"RM 2,028,000.00","RM 1,825,000.00",Telah Dijual,Tidak,2026-01-04,2026-01-04 05:17:15
2,30883-1 VILA BACHANG,30883 SEKITAR SINARMAS SDN. BHD.,30883-1/11-2027/1090(A)-(S),-,L132,"RM 2,468,400.00","RM 2,200,000.00",Telah Dijual,Tidak,2026-01-04,2026-01-04 05:17:15
3,30883-1 VILA BACHANG,30883 SEKITAR SINARMAS SDN. BHD.,30883-1/11-2027/1090(A)-(S),-,L133,"RM 2,582,600.00","RM 2,582,600.00",Telah Dijual,Tidak,2026-01-04,2026-01-04 05:17:15
4,30883-1 VILA BACHANG,30883 SEKITAR SINARMAS SDN. BHD.,30883-1/11-2027/1090(A)-(S),-,L134,"RM 2,028,000.00",-,Belum Dijual,Tidak,2026-01-04,2026-01-04 05:17:15
5,30883-1 VILA BACHANG,30883 SEKITAR SINARMAS SDN. BHD.,30883-1/11-2027/1090(A)-(S),-,L135,"RM 2,028,000.00","RM 2,028,000.00",Telah Dijual,Tidak,2026-01-04,2026-01-04 05:17:15
6,30883-1 VILA BACHANG,30883 SEKITAR SINARMAS SDN. BHD.,30883-1/11-2027/1090(A)-(S),-,L136,"RM 2,504,850.00",-,Belum Dijual,Tidak,2026-01-04,2026-01-04 05:17:15
7,30883-1 VILA BACHANG,30883 SEKITAR SINARMAS SDN. BHD.,30883-1/11-2027/1090(A)-(S),-,L137,"RM 2,509,650.00",-,Belum Dijual,Tidak,2026-01-04,2026-01-04 05:17:15
8,30883-1 VILA BACHANG,30883 SEKITAR SINARMAS SDN. BHD.,30883-1/11-2027/1090(A)-(S),-,L138,"RM 2,028,000.00","RM 2,028,000.00",Telah Dijual,Tidak,2026-01-04,2026-01-04 05:17:15
9,30883-1 VILA BACHANG,30883 SEKITAR SINARMAS SDN. BHD.,30883-1/11-2027/1090(A)-(S),-,L139,"RM 2,028,000.00",-,Belum Dijual,Tidak,2026-01-04,2026-01-04 05:17:15
10,30883-1 VILA BACHANG,30883 SEKITAR SINARMAS SDN. BHD.,30883-1/11-2027/1090(A)-(S),-,L140,"RM 2,028,000.00","RM 1,825,000.00",Telah Dijual,Tidak,2026-01-04,2026-01-04 05:17:15
11,30883-1 VILA BACHANG,30883 SEKITAR SINARMAS SDN. BHD.,30883-1/11-2027/1090(A)-(S),-,L141,"RM 2,028,000.00",-,Belum Dijual,Tidak,2026-01-04,2026-01-04 05:17:15
12,30883-1 VILA BACHANG,30883 SEKITAR SINARMAS SDN. BHD.,30883-1/11-2027/1090(A)-(S),-,L142,"RM 2,028,000.00","RM 2,028,000.00",Telah Dijual,Tidak,2026-01-04,2026-01-04 05:17:15
13,30883-1 VILA BACHANG,30883 SEKITAR SINARMAS SDN. BHD.,30883-1/11-2027/1090(A)-(S),-,L143,"RM 2,170,300.00","RM 2,170,300.00",Telah Dijual,Tidak,2026-01-04,2026-01-04 05:17:15
14,30883-1 VILA BACHANG,30883 SEKITAR SINARMAS SDN. BHD.,30883-1/11-2027/1090(A)-(S),-,L168,"RM 2,950,600.00",-,Belum Dijual,Tidak,2026-01-04,2026-01-04 05:17:15
15,30883-1 VILA BACHANG,30883 SEKITAR SINARMAS SDN. BHD.,30883-1/11-2027/1090(A)-(S),-,L1,"RM 876,400.00","RM 846,100.00",Telah Dijual,Tidak,2026-01-04,2026-01-04 05:17:15
16,30883-1 VILA BACHANG,30883 SEKITAR SINARMAS SDN. BHD.,30883-1/11-2027/1090(A)-(S),-,L2,"RM 777,650.00","RM 776,700.00",Telah Dijual,Tidak,2026-01-04,2026-01-04 05:17:15
17,30883-1 VILA BACHANG,30883 SEKITAR SINARMAS SDN. BHD.,30883-1/11-2027/1090(A)-(S),-,L3,"RM 782,450.00","RM 782,400.00",Telah Dijual,Tidak,2026-01-04,2026-01-04 05:17:15
18,30883-1 VILA BACHANG,30883 SEKITAR SINARMAS SDN. BHD.,30883-1/11-2027/1090(A)-(S),-,L4,"RM 788,800.00","RM 733,000.00",Telah Dijual,Tidak,2026-01-04,2026-01-04 05:17:15
19,30883-1 VILA BACHANG,30883 SEKITAR SINARMAS SDN. BHD.,30883-1/11-2027/1090(A)-(S),-,L5,"RM 795,200.00","RM 793,300.00",Telah Dijual,Tidak,2026-01-04,2026-01-04 05:17:15
20,30883-1 VILA BACHANG,30883 SEKITAR SINARMAS SDN. BHD.,30883-1/11-2027/1090(A)-(S),-,L6,"RM 801,500.00","RM 801,500.00",Telah Dijual,Tidak,2026-01-04,2026-01-04 05:17:15
21,30883-1 VILA BACHANG,30883 SEKITAR SINARMAS SDN. BHD.,30883-1/11-2027/1090(A)-(S),-,L7,"RM 806,300.00",-,Belum Dijual,Tidak,2026-01-04,2026-01-04 05:17:15
22,30883-1 VILA BACHANG,30883 SEKITAR SINARMAS SDN. BHD.,30883-1/11-2027/1090(A)-(S),-,L8,"RM 810,950.00","RM 808,400.00",Telah Dijual,Tidak,2026-01-04,2026-01-04 05:17:15
23,30883-1 VILA BACHANG,30883 SEKITAR SINARMAS SDN. BHD.,30883-1/11-2027/1090(A)-(S),-,L9,"RM 816,550.00","RM 813,700.00",Telah Dijual,Tidak,2026-01-04,2026-01-04 05:17:15
24,30883-1 VILA BACHANG,30883 SEKITAR SINARMAS SDN. BHD.,30883-1/11-2027/1090(A)-(S),-,L10,"RM 821,300.00","RM 821,300.00",Telah Dijual,Tidak,2026-01-04,2026-01-04 05:17:15
25,30883-1 VILA BACHANG,30883 SEKITAR SINARMAS SDN. BHD.,30883-1/11-2027/1090(A)-(S),-,L11,"RM 926,800.00","RM 926,800.00",Telah Dijual,Tidak,2026-01-04,2026-01-04 05:17:15
26,30883-1 VILA BACHANG,30883 SEKITAR SINARMAS SDN. BHD.,30883-1/11-2027/1090(A)-(S),-,L13,"RM 757,900.00","RM 757,900.00",Telah Dijual,Tidak,2026-01-04,2026-01-04 05:17:15
27,30883-1 VILA BACHANG,30883 SEKITAR SINARMAS SDN. BHD.,30883-1/11-2027/1090(A)-(S),-,L14,"RM 757,900.00",-,Belum Dijual,Tidak,2026-01-04,2026-01-04 05:17:15
28,30883-1 VILA BACHANG,30883 SEKITAR SINARMAS SDN. BHD.,30883-1/11-2027/1090(A)-(S),-,L15,"RM 757,900.00",-,Belum Dijual,Tidak,2026-01-04,2026-01-04 05:17:15
29,30883-1 VILA BACHANG,30883 SEKITAR SINARMAS SDN. BHD.,30883-1/11-2027/1090(A)-(S),-,L16,"RM 757,900.00","RM 757,900.00",Telah Dijual,Tidak,2026-01-04,2026-01-04 05:17:15
30,30883-1 VILA BACHANG,30883 SEKITAR SINARMAS SDN. BHD.,30883-1/11-2027/1090(A)-(S),-,L17,"RM 757,900.00","RM 757,900.00",Telah Dijual,Tidak,2026-01-04,2026-01-04 05:17:15
31,30883-1 VILA BACHANG,30883 SEKITAR SINARMAS SDN. BHD.,30883-1/11-2027/1090(A)-(S),-,L18,"RM 757,900.00",-,Belum Dijual,Tidak,2026-01-04,2026-01-04 05:17:15
32,30883-1 VILA BACHANG,30883 SEKITAR SINARMAS SDN. BHD.,30883-1/11-2027/1090(A)-(S),-,L19,"RM 757,900.00","RM 757,900.00",Telah Dijual,Tidak,2026-01-04,2026-01-04 05:17:15
33,30883-1 VILA BACHANG,30883 SEKITAR SINARMAS SDN. BHD.,30883-1/11-2027/1090(A)-(S),-,L20,"RM 757,900.00",-,Belum Dijual,Tidak,2026-01-04,2026-01-04 05:17:15
34,30883-1 VILA BACHANG,30883 SEKITAR SINARMAS SDN. BHD.,30883-1/11-2027/1090(A)-(S),-,L21,"RM 757,900.00","RM 757,900.00",Telah Dijual,Tidak,2026-01-04,2026-01-04 05:17:15
35,30883-1 VILA BACHANG,30883 SEKITAR SINARMAS SDN. BHD.,30883-1/11-2027/1090(A)-(S),-,L22,"RM 822,500.00","RM 794,800.00",Telah Dijual,Tidak,2026-01-04,2026-01-04 05:17:15
36,30883-1 VILA BACHANG,30883 SEKITAR SINARMAS SDN. BHD.,30883-1/11-2027/1090(A)-(S),-,L23,"RM 871,600.00","RM 841,500.00",Telah Dijual,Tidak,2026-01-04,2026-01-04 05:17:15
37,30883-1 VILA BACHANG,30883 SEKITAR SINARMAS SDN. BHD.,30883-1/11-2027/1090(A)-(S),-,L24,"RM 757,900.00","RM 757,900.00",Telah Dijual,Tidak,2026-01-04,2026-01-04 05:17:15
38,30883-1 VILA BACHANG,30883 SEKITAR SINARMAS SDN. BHD.,30883-1/11-2027/1090(A)-(S),-,L25,"RM 757,900.00","RM 757,900.00",Telah Dijual,Tidak,2026-01-04,2026-01-04 05:17:15
39,30883-1 VILA BACHANG,30883 SEKITAR SINARMAS SDN. BHD.,30883-1/11-2027/1090(A)-(S),-,L26,"RM 757,900.00","RM 757,900.00",Telah Dijual,Tidak,2026-01-04,2026-01-04 05:17:15
40,30883-1 VILA BACHANG,30883 SEKITAR SINARMAS SDN. BHD.,30883-1/11-2027/1090(A)-(S),-,L27,"RM 757,900.00","RM 757,900.00",Telah Dijual,Tidak,2026-01-04,2026-01-04 05:17:15
41,30883-1 VILA BACHANG,30883 SEKITAR SINARMAS SDN. BHD.,30883-1/11-2027/1090(A)-(S),-,L28,"RM 757,900.00","RM 757,900.00",Telah Dijual,Tidak,2026-01-04,2026-01-04 05:17:15
42,30883-1 VILA BACHANG,30883 SEKITAR SINARMAS SDN. BHD.,30883-1/11-2027/1090(A)-(S),-,L29,"RM 757,900.00","RM 757,900.00",Telah Dijual,Tidak,2026-01-04,2026-01-04 05:17:15
43,30883-1 VILA BACHANG,30883 SEKITAR SINARMAS SDN. BHD.,30883-1/11-2027/1090(A)-(S),-,L30,"RM 757,900.00","RM 757,900.00",Telah Dijual,Tidak,2026-01-04,2026-01-04 05:17:15
44,30883-1 VILA BACHANG,30883 SEKITAR SINARMAS SDN. BHD.,30883-1/11-2027/1090(A)-(S),-,L31,"RM 757,900.00",-,Belum Dijual,Tidak,2026-01-04,2026-01-04 05:17:15
45,30883-1 VILA BACHANG,30883 SEKITAR SINARMAS SDN. BHD.,30883-1/11-2027/1090(A)-(S),-,L32,"RM 970,800.00","RM 970,800.00",Telah Dijual,Tidak,2026-01-04,2026-01-04 05:17:15
46,30883-1 VILA BACHANG,30883 SEKITAR SINARMAS SDN. BHD.,30883-1/11-2027/1090(A)-(S),-,L128,"RM 1,701,500.00","RM 1,701,500.00",Telah Dijual,Tidak,2026-01-04,2026-01-04 05:17:15
47,30883-1 VILA BACHANG,30883 SEKITAR SINARMAS SDN. BHD.,30883-1/11-2027/1090(A)-(S),-,L129,"RM 1,614,000.00","RM 1,518,000.00",Telah Dijual,Tidak,2026-01-04,2026-01-04 05:17:15
48,30883-1 VILA BACHANG,30883 SEKITAR SINARMAS SDN. BHD.,30883-1/11-2027/1090(A)-(S),-,L144,"RM 1,649,000.00",-,Belum Dijual,Tidak,2026-01-04,2026-01-04 05:17:15
49,30883-1 VILA BACHANG,30883 SEKITAR SINARMAS SDN. BHD.,30883-1/11-2027/1090(A)-(S),-,L145,"RM 1,614,000.00",-,Belum Dijual,Tidak,2026-01-04,2026-01-04 05:17:15
50,30883-1 VILA BACHANG,30883 SEKITAR SINARMAS SDN. BHD.,30883-1/11-2027/1090(A)-(S),-,L146,"RM 1,614,000.00",-,Belum Dijual,Tidak,2026-01-04,2026-01-04 05:17:15
51,30883-1 VILA BACHANG,30883 SEKITAR SINARMAS SDN. BHD.,30883-1/11-2027/1090(A)-(S),-,L147,"RM 1,614,000.00","RM 1,614,000.00",Telah Dijual,Tidak,2026-01-04,2026-01-04 05:17:15
52,30883-1 VILA BACHANG,30883 SEKITAR SINARMAS SDN. BHD.,30883-1/11-2027/1090(A)-(S),-,L148,"RM 1,614,000.00","RM 1,614,000.00",Telah Dijual,Tidak,2026-01-04,2026-01-04 05:17:15
53,30883-1 VILA BACHANG,30883 SEKITAR SINARMAS SDN. BHD.,30883-1/11-2027/1090(A)-(S),-,L149,"RM 1,614,000.00","RM 1,614,000.00",Telah Dijual,Tidak,2026-01-04,2026-01-04 05:17:15
54,30883-1 VILA BACHANG,30883 SEKITAR SINARMAS SDN. BHD.,30883-1/11-2027/1090(A)-(S),-,L150,"RM 1,614,000.00",-,Belum Dijual,Tidak,2026-01-04,2026-01-04 05:17:15
55,30883-1 VILA BACHANG,30883 SEKITAR SINARMAS SDN. BHD.,30883-1/11-2027/1090(A)-(S),-,L151,"RM 1,614,000.00","RM 1,614,000.00",Telah Dijual,Tidak,2026-01-04,2026-01-04 05:17:15
56,30883-1 VILA BACHANG,30883 SEKITAR SINARMAS SDN. BHD.,30883-1/11-2027/1090(A)-(S),-,L152,"RM 1,614,000.00","RM 1,614,000.00",Telah Dijual,Tidak,2026-01-04,2026-01-04 05:17:15
57,30883-1 VILA BACHANG,30883 SEKITAR SINARMAS SDN. BHD.,30883-1/11-2027/1090(A)-(S),-,L153,"RM 1,614,000.00","RM 1,614,000.00",Telah Dijual,Tidak,2026-01-04,2026-01-04 05:17:15
58,30883-1 VILA BACHANG,30883 SEKITAR SINARMAS SDN. BHD.,30883-1/11-2027/1090(A)-(S),-,L154,"RM 1,614,000.00","RM 1,614,000.00",Telah Dijual,Tidak,2026-01-04,2026-01-04 05:17:15
59,30883-1 VILA BACHANG,30883 SEKITAR SINARMAS SDN. BHD.,30883-1/11-2027/1090(A)-(S),-,L155,"RM 1,767,260.00","RM 1,767,260.00",Telah Dijual,Tidak,2026-01-04,2026-01-04 05:17:15
60,30883-1 VILA BACHANG,30883 SEKITAR SINARMAS SDN. BHD.,30883-1/11-2027/1090(A)-(S),-,L156,"RM 1,802,200.00","RM 1,678,000.00",Telah Dijual,Tidak,2026-01-04,2026-01-04 05:17:15
61,30883-1 VILA BACHANG,30883 SEKITAR SINARMAS SDN. BHD.,30883-1/11-2027/1090(A)-(S),-,L157,"RM 1,614,000.00",-,Belum Dijual,Tidak,2026-01-04,2026-01-04 05:17:15
62,30883-1 VILA BACHANG,30883 SEKITAR SINARMAS SDN. BHD.,30883-1/11-2027/1090(A)-(S),-,L158,"RM 1,614,000.00",-,Belum Dijual,Tidak,2026-01-04,2026-01-04 05:17:15
63,30883-1 VILA BACHANG,30883 SEKITAR SINARMAS SDN. BHD.,30883-1/11-2027/1090(A)-(S),-,L159,"RM 1,614,000.00",-,Belum Dijual,Tidak,2026-01-04,2026-01-04 05:17:15
64,30883-1 VILA BACHANG,30883 SEKITAR SINARMAS SDN. BHD.,30883-1/11-2027/1090(A)-(S),-,L160,"RM 1,614,000.00",-,Belum Dijual,Tidak,2026-01-04,2026-01-04 05:17:15
65,30883-1 VILA BACHANG,30883 SEKITAR SINARMAS SDN. BHD.,30883-1/11-2027/1090(A)-(S),-,L161,"RM 1,614,000.00",-,Belum Dijual,Tidak,2026-01-04,2026-01-04 05:17:15
66,30883-1 VILA BACHANG,30883 SEKITAR SINARMAS SDN. BHD.,30883-1/11-2027/1090(A)-(S),-,L162,"RM 1,614,000.00",-,Belum Dijual,Tidak,2026-01-04,2026-01-04 05:17:15
67,30883-1 VILA BACHANG,30883 SEKITAR SINARMAS SDN. BHD.,30883-1/11-2027/1090(A)-(S),-,L163,"RM 1,614,000.00",-,Belum Dijual,Tidak,2026-01-04,2026-01-04 05:17:15
68,30883-1 VILA BACHANG,30883 SEKITAR SINARMAS SDN. BHD.,30883-1/11-2027/1090(A)-(S),-,L164,"RM 1,614,000.00",-,Belum Dijual,Tidak,2026-01-04,2026-01-04 05:17:15
69,30883-1 VILA BACHANG,30883 SEKITAR SINARMAS SDN. BHD.,30883-1/11-2027/1090(A)-(S),-,L165,"RM 1,614,000.00",-,Belum Dijual,Tidak,2026-01-04,2026-01-04 05:17:15
70,30883-1 VILA BACHANG,30883 SEKITAR SINARMAS SDN. BHD.,30883-1/11-2027/1090(A)-(S),-,L166,"RM 1,614,000.00",-,Belum Dijual,Tidak,2026-01-04,2026-01-04 05:17:15
71,30883-1 VILA BACHANG,30883 SEKITAR SINARMAS SDN. BHD.,30883-1/11-2027/1090(A)-(S),-,L167,"RM 1,626,000.00",-,Belum Dijual,Tidak,2026-01-04,2026-01-04 05:17:15
72,30883-1 VILA BACHANG,30883 SEKITAR SINARMAS SDN. BHD.,30883-1/11-2027/1090(A)-(S),-,L169,"RM 1,681,000.00",-,Belum Dijual,Tidak,2026-01-04,2026-01-04 05:17:15
73,30883-1 VILA BACHANG,30883 SEKITAR SINARMAS SDN. BHD.,30883-1/11-2027/1090(A)-(S),-,L170,"RM 1,684,000.00",-,Belum Dijual,Tidak,2026-01-04,2026-01-04 05:17:15
74,30883-1 VILA BACHANG,30883 SEKITAR SINARMAS SDN. BHD.,30883-1/11-2027/1090(A)-(S),-,L171,"RM 1,686,000.00",-,Belum Dijual,Tidak,2026-01-04,2026-01-04 05:17:15
75,30883-1 VILA BACHANG,30883 SEKITAR SINARMAS SDN. BHD.,30883-1/11-2027/1090(A)-(S),-,L172,"RM 1,689,000.00",-,Belum Dijual,Tidak,2026-01-04,2026-01-04 05:17:15
76,30883-1 VILA BACHANG,30883 SEKITAR SINARMAS SDN. BHD.,30883-1/11-2027/1090(A)-(S),-,L173,"RM 1,689,000.00",-,Belum Dijual,Tidak,2026-01-04,2026-01-04 05:17:15
77,30883-1 VILA BACHANG,30883 SEKITAR SINARMAS SDN. BHD.,30883-1/11-2027/1090(A)-(S),-,L174,"RM 1,689,000.00","RM 1,689,000.00",Telah Dijual,Tidak,2026-01-04,2026-01-04 05:17:15
78,30883-1 VILA BACHANG,30883 SEKITAR SINARMAS SDN. BHD.,30883-1/11-2027/1090(A)-(S),-,L175,"RM 1,689,000.00",-,Belum Dijual,Tidak,2026-01-04,2026-01-04 05:17:15
79,30883-1 VILA BACHANG,30883 SEKITAR SINARMAS SDN. BHD.,30883-1/11-2027/1090(A)-(S),-,L176,"RM 1,689,000.00",-,Belum Dijual,Tidak,2026-01-04,2026-01-04 05:17:15
80,30883-1 VILA BACHANG,30883 SEKITAR SINARMAS SDN. BHD.,30883-1/11-2027/1090(A)-(S),-,L177,"RM 1,689,000.00",-,Belum Dijual,Tidak,2026-01-04,2026-01-04 05:17:15
81,30883-1 VILA BACHANG,30883 SEKITAR SINARMAS SDN. BHD.,30883-1/11-2027/1090(A)-(S),-,L178,"RM 1,930,350.00","RM 1,930,300.00",Telah Dijual,Tidak,2026-01-04,2026-01-04 05:17:15
82,30883-1 VILA BACHANG,30883 SEKITAR SINARMAS SDN. BHD.,30883-1/11-2027/1090(A)-(S),-,L33,"RM 1,402,900.00",-,Belum Dijual,Tidak,2026-01-04,2026-01-04 05:17:15
83,30883-1 VILA BACHANG,30883 SEKITAR SINARMAS SDN. BHD.,30883-1/11-2027/1090(A)-(S),-,L34,"RM 1,010,550.00",-,Belum Dijual,Tidak,2026-01-04,2026-01-04 05:17:15
84,30883-1 VILA BACHANG,30883 SEKITAR SINARMAS SDN. BHD.,30883-1/11-2027/1090(A)-(S),-,L35,"RM 1,010,550.00",-,Belum Dijual,Tidak,2026-01-04,2026-01-04 05:17:15
85,30883-1 VILA BACHANG,30883 SEKITAR SINARMAS SDN. BHD.,30883-1/11-2027/1090(A)-(S),-,L36,"RM 1,010,550.00",-,Belum Dijual,Tidak,2026-01-04,2026-01-04 05:17:15
86,30883-1 VILA BACHANG,30883 SEKITAR SINARMAS SDN. BHD.,30883-1/11-2027/1090(A)-(S),-,L37,"RM 1,010,550.00","RM 938,000.00",Telah Dijual,Tidak,2026-01-04,2026-01-04 05:17:15
87,30883-1 VILA BACHANG,30883 SEKITAR SINARMAS SDN. BHD.,30883-1/11-2027/1090(A)-(S),-,L38,"RM 1,010,550.00",-,Belum Dijual,Tidak,2026-01-04,2026-01-04 05:17:15
88,30883-1 VILA BACHANG,30883 SEKITAR SINARMAS SDN. BHD.,30883-1/11-2027/1090(A)-(S),-,L39,"RM 1,010,550.00",-,Belum Dijual,Tidak,2026-01-04,2026-01-04 05:17:15
89,30883-1 VILA BACHANG,30883 SEKITAR SINARMAS SDN. BHD.,30883-1/11-2027/1090(A)-(S),-,L40,"RM 1,010,550.00",-,Belum Dijual,Tidak,2026-01-04,2026-01-04 05:17:15
90,30883-1 VILA BACHANG,30883 SEKITAR SINARMAS SDN. BHD.,30883-1/11-2027/1090(A)-(S),-,L41,"RM 1,010,550.00",-,Belum Dijual,Tidak,2026-01-04,2026-01-04 05:17:15
91,30883-1 VILA BACHANG,30883 SEKITAR SINARMAS SDN. BHD.,30883-1/11-2027/1090(A)-(S),-,L42,"RM 1,441,700.00","RM 1,322,700.00",Telah Dijual,Tidak,2026-01-04,2026-01-04 05:17:15
92,30883-1 VILA BACHANG,30883 SEKITAR SINARMAS SDN. BHD.,30883-1/11-2027/1090(A)-(S),-,L43,"RM 1,386,200.00","RM 1,221,200.00",Telah Dijual,Tidak,2026-01-04,2026-01-04 05:17:15
93,30883-1 VILA BACHANG,30883 SEKITAR SINARMAS SDN. BHD.,30883-1/11-2027/1090(A)-(S),-,L44,"RM 1,010,550.00","RM 968,000.00",Telah Dijual,Tidak,2026-01-04,2026-01-04 05:17:15
94,30883-1 VILA BACHANG,30883 SEKITAR SINARMAS SDN. BHD.,30883-1/11-2027/1090(A)-(S),-,L45,"RM 1,010,550.00","RM 928,000.00",Telah Dijual,Tidak,2026-01-04,2026-01-04 05:17:15
95,30883-1 VILA BACHANG,30883 SEKITAR SINARMAS SDN. BHD.,30883-1/11-2027/1090(A)-(S),-,L46,"RM 1,010,550.00","RM 928,000.00",Telah Dijual,Tidak,2026-01-04,2026-01-04 05:17:15
96,30883-1 VILA BACHANG,30883 SEKITAR SINARMAS SDN. BHD.,30883-1/11-2027/1090(A)-(S),-,L47,"RM 1,010,550.00","RM 938,000.00",Telah Dijual,Tidak,2026-01-04,2026-01-04 05:17:15
97,30883-1 VILA BACHANG,30883 SEKITAR SINARMAS SDN. BHD.,30883-1/11-2027/1090(A)-(S),-,L48,"RM 1,010,550.00",-,Belum Dijual,Tidak,2026-01-04,2026-01-04 05:17:15
98,30883-1 VILA BACHANG,30883 SEKITAR SINARMAS SDN. BHD.,30883-1/11-2027/1090(A)-(S),-,L49,"RM 1,397,300.00","RM 1,245,000.00",Telah Dijual,Tidak,2026-01-04,2026-01-04 05:17:15
99,30883-1 VILA BACHANG,30883 SEKITAR SINARMAS SDN. BHD.,30883-1/11-2027/1090(A)-(S),-,L50,"RM 1,456,750.00","RM 1,288,300.00",Telah Dijual,Tidak,2026-01-04,2026-01-04 05:17:15
100,30883-1 VILA BACHANG,30883 SEKITAR SINARMAS SDN. BHD.,30883-1/11-2027/1090(A)-(S),-,L51,"RM 1,010,550.00",-,Belum Dijual,Tidak,2026-01-04,2026-01-04 05:17:15
101,30883-1 VILA BACHANG,30883 SEKITAR SINARMAS SDN. BHD.,30883-1/11-2027/1090(A)-(S),-,L52,"RM 1,010,550.00",-,Belum Dijual,Tidak,2026-01-04,2026-01-04 05:17:15
102,30883-1 VILA BACHANG,30883 SEKITAR SINARMAS SDN. BHD.,30883-1/11-2027/1090(A)-(S),-,L53,"RM 1,010,550.00",-,Belum Dijual,Tidak,2026-01-04,2026-01-04 05:17:15
103,30883-1 VILA BACHANG,30883 SEKITAR SINARMAS SDN. BHD.,30883-1/11-2027/1090(A)-(S),-,L54,"RM 1,010,550.00",-,Belum Dijual,Tidak,2026-01-04,2026-01-04 05:17:15
104,30883-1 VILA BACHANG,30883 SEKITAR SINARMAS SDN. BHD.,30883-1/11-2027/1090(A)-(S),-,L55,"RM 1,010,550.00",-,Belum Dijual,Tidak,2026-01-04,2026-01-04 05:17:15
105,30883-1 VILA BACHANG,30883 SEKITAR SINARMAS SDN. BHD.,30883-1/11-2027/1090(A)-(S),-,L56,"RM 1,386,950.00","RM 1,222,000.00",Telah Dijual,Tidak,2026-01-04,2026-01-04 05:17:15
106,30883-1 VILA BACHANG,30883 SEKITAR SINARMAS SDN. BHD.,30883-1/11-2027/1090(A)-(S),-,L57,"RM 1,483,700.00","RM 1,313,900.00",Telah Dijual,Tidak,2026-01-04,2026-01-04 05:17:15
107,30883-1 VILA BACHANG,30883 SEKITAR SINARMAS SDN. BHD.,30883-1/11-2027/1090(A)-(S),-,L58,"RM 1,010,550.00",-,Belum Dijual,Tidak,2026-01-04,2026-01-04 05:17:15
108,30883-1 VILA BACHANG,30883 SEKITAR SINARMAS SDN. BHD.,30883-1/11-2027/1090(A)-(S),-,L59,"RM 1,010,550.00",-,Belum Dijual,Tidak,2026-01-04,2026-01-04 05:17:15
109,30883-1 VILA BACHANG,30883 SEKITAR SINARMAS SDN. BHD.,30883-1/11-2027/1090(A)-(S),-,L60,"RM 1,010,550.00",-,Belum Dijual,Tidak,2026-01-04,2026-01-04 05:17:15
110,30883-1 VILA BACHANG,30883 SEKITAR SINARMAS SDN. BHD.,30883-1/11-2027/1090(A)-(S),-,L61,"RM 1,010,550.00",-,Belum Dijual,Tidak,2026-01-04,2026-01-04 05:17:15
111,30883-1 VILA BACHANG,30883 SEKITAR SINARMAS SDN. BHD.,30883-1/11-2027/1090(A)-(S),-,L62,"RM 1,010,550.00",-,Belum Dijual,Tidak,2026-01-04,2026-01-04 05:17:15
112,30883-1 VILA BACHANG,30883 SEKITAR SINARMAS SDN. BHD.,30883-1/11-2027/1090(A)-(S),-,L63,"RM 1,010,550.00",-,Belum Dijual,Tidak,2026-01-04,2026-01-04 05:17:15
113,30883-1 VILA BACHANG,30883 SEKITAR SINARMAS SDN. BHD.,30883-1/11-2027/1090(A)-(S),-,L64,"RM 1,010,550.00",-,Belum Dijual,Tidak,2026-01-04,2026-01-04 05:17:15
114,30883-1 VILA BACHANG,30883 SEKITAR SINARMAS SDN. BHD.,30883-1/11-2027/1090(A)-(S),-,L65,"RM 1,010,550.00",-,Belum Dijual,Tidak,2026-01-04,2026-01-04 05:17:15
115,30883-1 VILA BACHANG,30883 SEKITAR SINARMAS SDN. BHD.,30883-1/11-2027/1090(A)-(S),-,L66,"RM 1,400,500.00","RM 1,234,800.00",Telah Dijual,Tidak,2026-01-04,2026-01-04 05:17:15
116,30883-1 VILA BACHANG,30883 SEKITAR SINARMAS SDN. BHD.,30883-1/11-2027/1090(A)-(S),-,L67,"RM 1,380,000.00","RM 1,236,000.00",Telah Dijual,Tidak,2026-01-04,2026-01-04 05:17:15
117,30883-1 VILA BACHANG,30883 SEKITAR SINARMAS SDN. BHD.,30883-1/11-2027/1090(A)-(S),-,L68,"RM 1,010,550.00",-,Belum Dijual,Tidak,2026-01-04,2026-01-04 05:17:15
118,30883-1 VILA BACHANG,30883 SEKITAR SINARMAS SDN. BHD.,30883-1/11-2027/1090(A)-(S),-,L69,"RM 1,010,550.00",-,Belum Dijual,Tidak,2026-01-04,2026-01-04 05:17:15
119,30883-1 VILA BACHANG,30883 SEKITAR SINARMAS SDN. BHD.,30883-1/11-2027/1090(A)-(S),-,L70,"RM 1,010,550.00",-,Belum Dijual,Tidak,2026-01-04,2026-01-04 05:17:15
120,30883-1 VILA BACHANG,30883 SEKITAR SINARMAS SDN. BHD.,30883-1/11-2027/1090(A)-(S),-,L71,"RM 1,010,550.00",-,Belum Dijual,Tidak,2026-01-04,2026-01-04 05:17:15
121,30883-1 VILA BACHANG,30883 SEKITAR SINARMAS SDN. BHD.,30883-1/11-2027/1090(A)-(S),-,L72,"RM 1,010,550.00",-,Belum Dijual,Tidak,2026-01-04,2026-01-04 05:17:15
122,30883-1 VILA BACHANG,30883 SEKITAR SINARMAS SDN. BHD.,30883-1/11-2027/1090(A)-(S),-,L73,"RM 1,010,550.00",-,Belum Dijual,Tidak,2026-01-04,2026-01-04 05:17:15
123,30883-1 VILA BACHANG,30883 SEKITAR SINARMAS SDN. BHD.,30883-1/11-2027/1090(A)-(S),-,L74,"RM 1,010,550.00",-,Belum Dijual,Tidak,2026-01-04,2026-01-04 05:17:15
124,30883-1 VILA BACHANG,30883 SEKITAR SINARMAS SDN. BHD.,30883-1/11-2027/1090(A)-(S),-,L75,"RM 1,010,550.00",-,Belum Dijual,Tidak,2026-01-04,2026-01-04 05:17:15
125,30883-1 VILA BACHANG,30883 SEKITAR SINARMAS SDN. BHD.,30883-1/11-2027/1090(A)-(S),-,L76,"RM 1,010,550.00",-,Belum Dijual,Tidak,2026-01-04,2026-01-04 05:17:15
126,30883-1 VILA BACHANG,30883 SEKITAR SINARMAS SDN. BHD.,30883-1/11-2027/1090(A)-(S),-,L77,"RM 1,010,550.00",-,Belum Dijual,Tidak,2026-01-04,2026-01-04 05:17:15
127,30883-1 VILA BACHANG,30883 SEKITAR SINARMAS SDN. BHD.,30883-1/11-2027/1090(A)-(S),-,L78,"RM 1,382,950.00","RM 1,218,200.00",Telah Dijual,Tidak,2026-01-04,2026-01-04 05:17:15
128,30883-1 VILA BACHANG,30883 SEKITAR SINARMAS SDN. BHD.,30883-1/11-2027/1090(A)-(S),-,L79,"RM 1,410,800.00","RM 1,244,600.00",Telah Dijual,Tidak,2026-01-04,2026-01-04 05:17:15
129,30883-1 VILA BACHANG,30883 SEKITAR SINARMAS SDN. BHD.,30883-1/11-2027/1090(A)-(S),-,L80,"RM 1,010,550.00",-,Belum Dijual,Tidak,2026-01-04,2026-01-04 05:17:15
130,30883-1 VILA BACHANG,30883 SEKITAR SINARMAS SDN. BHD.,30883-1/11-2027/1090(A)-(S),-,L81,"RM 1,010,550.00","RM 928,000.00",Telah Dijual,Tidak,2026-01-04,2026-01-04 05:17:15
131,30883-1 VILA BACHANG,30883 SEKITAR SINARMAS SDN. BHD.,30883-1/11-2027/1090(A)-(S),-,L82,"RM 1,010,550.00",-,Belum Dijual,Tidak,2026-01-04,2026-01-04 05:17:15
132,30883-1 VILA BACHANG,30883 SEKITAR SINARMAS SDN. BHD.,30883-1/11-2027/1090(A)-(S),-,L83,"RM 1,010,550.00",-,Belum Dijual,Tidak,2026-01-04,2026-01-04 05:17:15
133,30883-1 VILA BACHANG,30883 SEKITAR SINARMAS SDN. BHD.,30883-1/11-2027/1090(A)-(S),-,L84,"RM 1,010,550.00",-,Belum Dijual,Tidak,2026-01-04,2026-01-04 05:17:15
134,30883-1 VILA BACHANG,30883 SEKITAR SINARMAS SDN. BHD.,30883-1/11-2027/1090(A)-(S),-,L85,"RM 1,010,550.00",-,Belum Dijual,Tidak,2026-01-04,2026-01-04 05:17:15
135,30883-1 VILA BACHANG,30883 SEKITAR SINARMAS SDN. BHD.,30883-1/11-2027/1090(A)-(S),-,L86,"RM 1,389,000.00","RM 1,227,200.00",Telah Dijual,Tidak,2026-01-04,2026-01-04 05:17:15
136,30883-1 VILA BACHANG,30883 SEKITAR SINARMAS SDN. BHD.,30883-1/11-2027/1090(A)-(S),-,L87,"RM 1,476,650.00","RM 1,307,100.00",Telah Dijual,Tidak,2026-01-04,2026-01-04 05:17:15
137,30883-1 VILA BACHANG,30883 SEKITAR SINARMAS SDN. BHD.,30883-1/11-2027/1090(A)-(S),-,L88,"RM 1,010,550.00","RM 938,000.00",Telah Dijual,Tidak,2026-01-04,2026-01-04 05:17:15
138,30883-1 VILA BACHANG,30883 SEKITAR SINARMAS SDN. BHD.,30883-1/11-2027/1090(A)-(S),-,L89,"RM 1,010,550.00",-,Belum Dijual,Tidak,2026-01-04,2026-01-04 05:17:15
139,30883-1 VILA BACHANG,30883 SEKITAR SINARMAS SDN. BHD.,30883-1/11-2027/1090(A)-(S),-,L90,"RM 1,010,550.00","RM 938,000.00",Telah Dijual,Tidak,2026-01-04,2026-01-04 05:17:15
140,30883-1 VILA BACHANG,30883 SEKITAR SINARMAS SDN. BHD.,30883-1/11-2027/1090(A)-(S),-,L91,"RM 1,010,550.00",-,Belum Dijual,Tidak,2026-01-04,2026-01-04 05:17:15
141,30883-1 VILA BACHANG,30883 SEKITAR SINARMAS SDN. BHD.,30883-1/11-2027/1090(A)-(S),-,L92,"RM 1,010,550.00","RM 928,000.00",Telah Dijual,Tidak,2026-01-04,2026-01-04 05:17:15
142,30883-1 VILA BACHANG,30883 SEKITAR SINARMAS SDN. BHD.,30883-1/11-2027/1090(A)-(S),-,L93,"RM 1,010,550.00","RM 928,000.00",Telah Dijual,Tidak,2026-01-04,2026-01-04 05:17:15
143,30883-1 VILA BACHANG,30883 SEKITAR SINARMAS SDN. BHD.,30883-1/11-2027/1090(A)-(S),-,L94,"RM 1,386,950.00","RM 1,235,000.00",Telah Dijual,Tidak,2026-01-04,2026-01-04 05:17:15
144,30883-1 VILA BACHANG,30883 SEKITAR SINARMAS SDN. BHD.,30883-1/11-2027/1090(A)-(S),-,L95,"RM 1,384,600.00","RM 1,233,000.00",Telah Dijual,Tidak,2026-01-04,2026-01-04 05:17:15
145,30883-1 VILA BACHANG,30883 SEKITAR SINARMAS SDN. BHD.,30883-1/11-2027/1090(A)-(S),-,L96,"RM 1,010,550.00","RM 928,000.00",Telah Dijual,Tidak,2026-01-04,2026-01-04 05:17:15
146,30883-1 VILA BACHANG,30883 SEKITAR SINARMAS SDN. BHD.,30883-1/11-2027/1090(A)-(S),-,L97,"RM 1,010,550.00","RM 928,000.00",Telah Dijual,Tidak,2026-01-04,2026-01-04 05:17:15
147,30883-1 VILA BACHANG,30883 SEKITAR SINARMAS SDN. BHD.,30883-1/11-2027/1090(A)-(S),-,L98,"RM 1,010,550.00","RM 928,000.00",Telah Dijual,Tidak,2026-01-04,2026-01-04 05:17:15
148,30883-1 VILA BACHANG,30883 SEKITAR SINARMAS SDN. BHD.,30883-1/11-2027/1090(A)-(S),-,L99,"RM 1,010,550.00","RM 938,000.00",Telah Dijual,Tidak,2026-01-04,2026-01-04 05:17:15
149,30883-1 VILA BACHANG,30883 SEKITAR SINARMAS SDN. BHD.,30883-1/11-2027/1090(A)-(S),-,L100,"RM 1,010,550.00","RM 938,000.00",Telah Dijual,Tidak,2026-01-04,2026-01-04 05:17:15
150,30883-1 VILA BACHANG,30883 SEKITAR SINARMAS SDN. BHD.,30883-1/11-2027/1090(A)-(S),-,L101,"RM 1,010,550.00",-,Belum Dijual,Tidak,2026-01-04,2026-01-04 05:17:15
151,30883-1 VILA BACHANG,30883 SEKITAR SINARMAS SDN. BHD.,30883-1/11-2027/1090(A)-(S),-,L102,"RM 1,010,550.00","RM 938,000.00",Telah Dijual,Tidak,2026-01-04,2026-01-04 05:17:15
152,30883-1 VILA BACHANG,30883 SEKITAR SINARMAS SDN. BHD.,30883-1/11-2027/1090(A)-(S),-,L103,"RM 1,010,550.00","RM 938,000.00",Telah Dijual,Tidak,2026-01-04,2026-01-04 05:17:15
153,30883-1 VILA BACHANG,30883 SEKITAR SINARMAS SDN. BHD.,30883-1/11-2027/1090(A)-(S),-,L105,"RM 1,010,550.00",-,Belum Dijual,Tidak,2026-01-04,2026-01-04 05:17:15
154,30883-1 VILA BACHANG,30883 SEKITAR SINARMAS SDN. BHD.,30883-1/11-2027/1090(A)-(S),-,L106,"RM 1,417,100.00","RM 1,250,600.00",Telah Dijual,Tidak,2026-01-04,2026-01-04 05:17:15
155,30883-1 VILA BACHANG,30883 SEKITAR SINARMAS SDN. BHD.,30883-1/11-2027/1090(A)-(S),-,L107,"RM 1,355,000.00",-,Belum Dijual,Tidak,2026-01-04,2026-01-04 05:17:15
156,30883-1 VILA BACHANG,30883 SEKITAR SINARMAS SDN. BHD.,30883-1/11-2027/1090(A)-(S),-,L108,"RM 1,010,550.00",-,Belum Dijual,Tidak,2026-01-04,2026-01-04 05:17:15
157,30883-1 VILA BACHANG,30883 SEKITAR SINARMAS SDN. BHD.,30883-1/11-2027/1090(A)-(S),-,L109,"RM 1,010,550.00",-,Belum Dijual,Tidak,2026-01-04,2026-01-04 05:17:15
158,30883-1 VILA BACHANG,30883 SEKITAR SINARMAS SDN. BHD.,30883-1/11-2027/1090(A)-(S),-,L110,"RM 1,010,550.00",-,Belum Dijual,Tidak,2026-01-04,2026-01-04 05:17:15
159,30883-1 VILA BACHANG,30883 SEKITAR SINARMAS SDN. BHD.,30883-1/11-2027/1090(A)-(S),-,L111,"RM 1,010,550.00",-,Belum Dijual,Tidak,2026-01-04,2026-01-04 05:17:15
160,30883-1 VILA BACHANG,30883 SEKITAR SINARMAS SDN. BHD.,30883-1/11-2027/1090(A)-(S),-,L112,"RM 1,010,550.00",-,Belum Dijual,Tidak,2026-01-04,2026-01-04 05:17:15
161,30883-1 VILA BACHANG,30883 SEKITAR SINARMAS SDN. BHD.,30883-1/11-2027/1090(A)-(S),-,L113,"RM 1,010,550.00",-,Belum Dijual,Tidak,2026-01-04,2026-01-04 05:17:15
162,30883-1 VILA BACHANG,30883 SEKITAR SINARMAS SDN. BHD.,30883-1/11-2027/1090(A)-(S),-,L114,"RM 1,010,550.00",-,Belum Dijual,Tidak,2026-01-04,2026-01-04 05:17:15
163,30883-1 VILA BACHANG,30883 SEKITAR SINARMAS SDN. BHD.,30883-1/11-2027/1090(A)-(S),-,L115,"RM 1,010,550.00",-,Belum Dijual,Tidak,2026-01-04,2026-01-04 05:17:15
164,30883-1 VILA BACHANG,30883 SEKITAR SINARMAS SDN. BHD.,30883-1/11-2027/1090(A)-(S),-,L116,"RM 1,010,550.00","RM 938,000.00",Telah Dijual,Tidak,2026-01-04,2026-01-04 05:17:15
165,30883-1 VILA BACHANG,30883 SEKITAR SINARMAS SDN. BHD.,30883-1/11-2027/1090(A)-(S),-,L117,"RM 1,010,550.00","RM 938,000.00",Telah Dijual,Tidak,2026-01-04,2026-01-04 05:17:15
166,30883-1 VILA BACHANG,30883 SEKITAR SINARMAS SDN. BHD.,30883-1/11-2027/1090(A)-(S),-,L118,"RM 1,404,500.00","RM 1,238,500.00",Telah Dijual,Tidak,2026-01-04,2026-01-04 05:17:15
167,30883-1 VILA BACHANG,30883 SEKITAR SINARMAS SDN. BHD.,30883-1/11-2027/1090(A)-(S),-,L119,"RM 1,416,300.00","RM 1,249,900.00",Telah Dijual,Tidak,2026-01-04,2026-01-04 05:17:15
168,30883-1 VILA BACHANG,30883 SEKITAR SINARMAS SDN. BHD.,30883-1/11-2027/1090(A)-(S),-,L120,"RM 1,010,550.00","RM 938,000.00",Telah Dijual,Tidak,2026-01-04,2026-01-04 05:17:15
169,30883-1 VILA BACHANG,30883 SEKITAR SINARMAS SDN. BHD.,30883-1/11-2027/1090(A)-(S),-,L121,"RM 1,010,550.00",-,Belum Dijual,Tidak,2026-01-04,2026-01-04 05:17:15
170,30883-1 VILA BACHANG,30883 SEKITAR SINARMAS SDN. BHD.,30883-1/11-2027/1090(A)-(S),-,L122,"RM 1,010,550.00","RM 928,000.00",Telah Dijual,Tidak,2026-01-04,2026-01-04 05:17:15
171,30883-1 VILA BACHANG,30883 SEKITAR SINARMAS SDN. BHD.,30883-1/11-2027/1090(A)-(S),-,L123,"RM 1,010,550.00",-,Belum Dijual,Tidak,2026-01-04,2026-01-04 05:17:15
172,30883-1 VILA BACHANG,30883 SEKITAR SINARMAS SDN. BHD.,30883-1/11-2027/1090(A)-(S),-,L124,"RM 1,010,550.00","RM 968,000.00",Telah Dijual,Tidak,2026-01-04,2026-01-04 05:17:15
173,30883-1 VILA BACHANG,30883 SEKITAR SINARMAS SDN. BHD.,30883-1/11-2027/1090(A)-(S),-,L125,"RM 1,010,550.00",-,Belum Dijual,Tidak,2026-01-04,2026-01-04 05:17:15
174,30883-1 VILA BACHANG,30883 SEKITAR SINARMAS SDN. BHD.,30883-1/11-2027/1090(A)-(S),-,L126,"RM 1,010,550.00",-,Belum Dijual,Tidak,2026-01-04,2026-01-04 05:17:15
175,30883-1 VILA BACHANG,30883 SEKITAR SINARMAS SDN. BHD.,30883-1/11-2027/1090(A)-(S),-,L127,"RM 1,406,800.00","RM 1,240,800.00",Telah Dijual,Tidak,2026-01-04,2026-01-04 05:17:15
176,30883-1 VILA BACHANG,30883 SEKITAR SINARMAS SDN. BHD.,30883-1/11-2027/1090(A)-(S),-,L130,"RM 2,028,000.00",-,Belum Dijual,Tidak,2026-01-04,2026-01-04 05:17:15
177,30883-1 VILA BACHANG,30883 SEKITAR SINARMAS SDN. BHD.,30883-1/11-2027/1090(A)-(S),-,L12,"RM 898,550.00",-,Belum Dijual,Tidak,2026-01-04,2026-01-04 05:17:15
178,30883-1 VILA BACHANG,30883 SEKITAR SINARMAS SDN. BHD.,30883-1/11-2027/1090(A)-(S),-,L104,"RM 1,010,550.00",-,Belum Dijual,Tidak,2026-01-04,2026-01-04 05:17:15
